Local_Partner,Provider,,,,,
Ohio Locals,Alpha Tech,,,,,
Boston Locals,Alpha Tech,,,,,
Atlanta LLC,Alpha Tech,,,,,
City Services,Buffalo Comms,,,,,
Dutch Connect,Buffalo Comms,,,,,
HongKong Parts,Buffalo Comms,,,,,
Queens Servers,Gamma Services,,,,,
Olenna LLP,Gamma Services,,,,,
Dutch Connect,Gamma Services,,,,,
Queens Servers,AXL Global Servs,,,,,
City Services,AXL Global Servs,,,,,
Dutch Connect,AXL Global Servs,,,,,
Queens Servers,Portify AB,,,,,
Boston Locals,Portify AB,,,,,
HongKong Parts,Portify AB,,,,,
Atlanta LLC,Portify AB,,,,,
Olenna LLP,Berlin Gmbh,,,,,
Ohio Locals,Berlin Gmbh,,,,,
City Services,Berlin Gmbh,,,,,
Dutch Connect,Fukushima Electronics,,,,,
City Services,Fukushima Electronics,,,,,
Boston Locals,Fukushima Electronics,,,,,
HongKong Parts,Fukushima Electronics,,,,,